Stadtverwaltung  Sindelfingen;Hausanschrift  Bußgeldbehörde  Rathausplatz  1  71063  Sindelfingen    Postanschrift  Postfach  1  80  71043  Sindelfingen;Telefon  07031/94-734    Fax  07031/94-213    E-Mail  verkehrswesen@sindelfingen.de    Homepage  www.sindelfingen.de
Landratsamt  Böblingen;Ordnungswidrigkeiten/Bußgeldstelle  Marktplatz  16  71032  Böblingen;Telefon  07031/669-9901    Fax  07031/669-1479    E-Mail  stadt@boeblingen.de    Homepage  www.boeblingen.de  (Stadt)  www.lrabb.de  (Landkreis)
Stadtverwaltung  Überlingen;Verkehr,  Waffen  und  Bußgeld  Fachbereich  1  –  Öffentliche  Ordnung  Christophstraße  1  Torhaus  88662  Überlingen  am  Bodensee    Ansprechpartner  Ingeborg  Bacher  (Bußgeldstelle,  Ordnungswidrigkeitenverfahren);Telefon  07551/99-1045    Fax  07551/99-1499    E-Mail  I.Bacher@ueberlingen.de    Homepage  www.ueberlingen.de
Bürgerdienst  Friedrichshafen;Rechtsamt  Olgastraße  21  88045  Friedrichshafen;Telefon  07541/203-2301    Fax  07541/203-82301    E-Mail  rechtsamt@friedrichshafen.de    Homepage  www.friedrichshafen.de
Landratsamt  Bodenseekreis;Kreispolizei-  und  Straßenverkehrsbehörde  (Rechts-  und  Ordnungsamt)  Glärnischstraße  1-3  88045  Friedrichshafen    Ansprechpartner  Dr.  Michael  Bussek  (Amtsleitung);Telefon  07541/204-5337    Fax  07541/204-7335    E-Mail  dr.michael.bussek@bodenseekreis.de    Homepage  www.bodenseekreis.de
Landratsamt  Biberach;Ordnungsamt  Abt.  Ordnungswidrigkeiten  und  Bußgelder  Rollinstraße  9  88400  Biberach    Ansprechpartner  Rudolf  Butscher  (Abt.  Ordnungswidrigkeiten);Telefon  07351/52-6226    Fax  07351/52-5226    E-Mail  rudolf.butscher@biberach.de    Homepage  www.biberach.de
Stadtverwaltung  Ulm;Abteilung  Verkehr  und  Bußgeld  Olgastraße  66  89073  Ulm    Postanschrift  Postfach  89070  Ulm  ;Telefon  0731/  161-0    Fax  0731/  161-3262    E-Mail  bussgeldstelle@ulm.de    Homepage  www.ulm.de
Landratsamt  Alb-Donau  Kreis;Fachdienst  Ordnung  und  Verkehr  Schillerstraße  30  89077  Ulm    Ansprechpartner  Hans-Dieter  Junger  (Fachdienstleiter);Telefon  0731/185-1456    Fax  0731/185-221456    E-Mail  hans-dieter.junger@alb-donau-kreis.de    Homepage  www.alb-donau-kreis.de
Amt  für  öffentliche  Ordnung  Freiburg  im  Breisgau;Bußgeldbehörde  und  Gemeindevollzugsdienst  Schlossbergring  1  79098  Freiburg  im  Breisgau;Telefon  0761/201-4950    Fax  0761/201-4999    E-Mail  bussgeldbehoerde@stadt.freiburg.de    Homepage  www.freiburg.de
Landratsamt  Breisgau-Hochschwarzwald;Hausanschrift  Ordnungsrecht  und  Ordnungswidrigkeiten  Stadtstraße  3  79104  Freiburg  im  Breisgau    Postanschrift  Landratsamt  Breisgau-Hochschwarzwald  79081  Freiburg  im  Breisgau;Telefon  0761/2187-0    Fax  0761/2187-9999    E-Mail  ordnungsrecht@lkbh.de    Homepage  www.breisgau-hochschwarzwald.de
Stadtverwaltung  Calw;Hausanschrift  Bußgeldstelle  Bahnhofstraße  28  75365  Calw    Ansprechpartnerin  Tugce  Kilic  (Leitung);Telefon  07051/167-225    Fax  07051/167-226    E-Mail  tkilic@calw.de    Homepage  www.calw.de
Landratsamt  Emmendingen  -  Zentrale  Bußgeldstelle;Hausanschrift  Adolf-Sexauer-Straße  1/1  79312  Emmendingen  ;Telefon  07641/451-8109    Fax  07641/451-8199    E-Mail  bussgeldstelle@landkreis-emmendingen.de    Homepage  www.landkreis-emmendingen.de
Landratsamt  Enzkreis;Straßenverkehrs-  und  Ordnungsamt  Zähringerallee  3  75177  Pforzheim    ;Telefon  07231/308-9507    Fax  07231/308-9650    E-Mail  strassenverkehr.ordnung@enzkreis.de    Homepage  www.enzkreis.de
Stadtverwaltung  Esslingen;Hausanschrift  Ordnungsamt  Beblingerstr.  3    73728  Esslingen    Postanschrift  Postfach  10  03  55  73726  Esslingen    Ansprechpartner  Gerhard  Gorzelik  (Amtsleiter)  ;Telefon  0711/3512-2224    Fax  0711/3512-553415    E-Mail  ordnungsamt@esslingen.de    Homepage  www.esslingen.de
Stadtverwaltung  Freudenstadt;Bußgeldstelle  Marktplatz  1  72250  Freudenstadt    Ansprechpartnerin  Andrea  Möhrle  (Mitarbeiterin)  ;Telefon  07441/890-817    Fax  07441/890-99817    E-Mail  andrea.moehrle@freudenstadt.de    Homepage  www.freudenstadt.de
Stadtverwaltung  Göppingen;Bußgeldbehörde  Kirchstraße  13  73033  Göppingen    Ansprechpartnerin  Frau  Neher  ;Telefon    07161/650-317      Fax  07161/650-349    E-Mail  SNeher@goeppingen.de    Homepage  www.goeppingen.de
Stadtverwaltung  Heidenheim;Bußgeldstelle  Helmut-Bornefeld-Straße  18  89522  Heidenheim  an  der  Brenz  ;Telefon  07321/327-3223    Fax  07321/323-3221    E-Mail  bussgeldstelle@heidenheim.de    Homepage  www.heidenheim.de
Stadtverwaltung  Heilbronn;Ordnungswidrigkeiten/  Bußgeldstelle  Weststraße  53  74072  Heilbronn    Ansprechpartner  Bernd  Werner  (Leiter);Telefon  07131/56-3116    Fax  07131/56-3197    E-Mail  -    Homepage  www.heilbronn.de
Landratsamt  Hohenlohekreis;Ordnungs-und  Verkehrsamt  Allee  17  74653  Künzelsau    Ansprechpartner  Günther  Geissler  (Amtsleiter);Telefon  07940/18-224    Fax  07940/18-214    E-Mail  guenther.geissler@hohenlohekreis.de    Homepage  www.hohenlohekreis.de
Landratsamt  Karlsruhe;Hausanschrift    Kapellenstraße  17  76131  Karlsruhe    Postanschrift  Zentrale  Bußgeldstelle  76073  Karlsruhe;Telefon  0721/926-0    Fax  0721  93340290    E-Mail  poststelle-zbs@rpk.bwl.de    Homepage    www.service-bw.de/de    
Stadtverwaltung  Konstanz;Stadt  Konstanz  Bürgeramt,  Abt.  Straßenverkehr  Untere  Laube  24  78459  Konstanz  ;Telefon  07531/  900  -  742    Fax  07531/  900  -  766    E-Mail  strassenverkehrsbehoerde@konstanz.de    Homepage  www.konstanz.de
Stadtverwaltung  Lörrach;Bußgeldstelle  Luisenstraße  16  79539  Lörrach    Ansprechpartner  Martin  Rösch  (Teamleiter  Bußgeldstelle);Telefon  07621/415-421    Fax  07621/415-425    E-Mail  m.roesch@loerrach.de    Homepage  www.loerrach.de
Stadtverwaltung  Ludwigsburg;Hausanschrift  Bußgeldstelle  Mathildenstraße  29-31  71638  Ludwigsburg    Postanschrift  Postfach  249  71602  Ludwigsburg    Ansprechpartnerin  Frau  Baumer  (Leiterin  Bußgeldstelle);Telefon  07141/910-2292    Fax  07141/910-2609    E-Mail  s.baumer@ludwigsburg.de    Homepage  www.ludwigsburg.de
Landratsamt  Neckar-Odenwald-Kreis;Ordnungswidrigkeiten  Neckarelzer  Straße  5  74821  Mosbach    Ansprechpartner  Wolfgang  Wittischka  (Fachgebietsleitung);Telefon  06261/84-1310    Fax  06261/84-4793    E-Mail  wolfgang.wittischka@neckar-odenwald-kreis.de    Homepage  www.neckar-odenwald-kreis.de
Stadtverwaltung  Rastatt;Bußgeldstelle  Kaiserstraße  48a  76437  Rastatt    ;Telefon  07222/972-7300    Fax    07222/972-7399    E-Mail  bussgeldstelle@rastatt.de    Homepage  www.rastatt.de
Stadtverwaltung  Ravensburg;Ordnungswidrigkeiten/  Bußgeldstelle  Weingartner  Hof  Kirchstraße  16  88212  Ravensburg    Ansprechpartner  Lothar  Kleb  (Amtsleiter);Telefon    0751/82-291    Fax    0751/82-60291    E-Mail  ordnungsamt@ravensburg.de    Homepage  www.ravensburg.de
Landratsamt  Rems-Murr-Kreis;Hausanschrift  Alter  Postplatz  10  71332  Waiblingen    Postanschrift  Postfach  1413  71328  Waiblingen  ;Telefon    07151/501-0    Fax    07151/501-1525    E-Mail  info@rems-murr-kreis.de    Homepage  www.rems-murr-kreis.de
Stadtverwaltung  Waiblingen;Ordnungswesen  -  Bußgeldstelle  Marktdreieck    Kurze  Straße  24  71332  Waiblingen    Ansprechpartner  Oliver  Conradt  (Abteilungsleiter)  ;Telefon    07151/5001-583    Fax    07151/5001-403    E-Mail  ordnungswesen@waiblingen.de    Homepage  www.waiblingen.de
Stadtverwaltung  Reutlingen;Amt  für  öffentliche  Ordnung  -  Bußgeldstelle  Rathaus  Gebäude  Oskar-Kalbfell-Platz    Oskar-Kalbfell-Platz  21  72764  Reutlingen    Ansprechpartner  Herr  Christiansen  (Abteilungsleiter)  ;Telefon    07121/303-2093    Fax    07121/303-2097    E-Mail  ordnungsamt.bussgeldabteilung@reutlingen.de    Homepage  www.reutlingen.de
Landratsamt  Rhein-Neckar-Kreis;Hausanschrift  Rechtsamt  Kurfürsten-Anlage  38-40  69115  Heidelberg    Postanschrift  Postfach  10  46  80  69036  Heidelberg;Telefon    06221/522-1197    Fax    06221/522-91196    E-Mail  rechtsamt@rhein-neckar-kreis.de    Homepage  www.rhein-neckar-kreis.de
Rechtsamt  Stadt  Heidelberg;Hausanschrift  Ordnungswidrigkeiten  Im  Breitspiel  5  69126  Heidelberg    Postfach  Postfach  10  55  20  69045  Heidelberg    Ansprechpartner  Karl  Kippenhan  (Abteilungsleiter);Telefon  06221/58-16000    Fax  06221/58-16990    E-Mail  ordnungswidrigkeiten@heidelberg.de    Homepage  www.heidelberg.de
Stadtverwaltung  Rottweil;Ordnungsverwaltung  Hauptstraße  21  -  23  78628  Rottweil    Ansprechpartnerin  Carola  Buttke  (Sachbearbeiterin);Telefon  0741/494-369    Fax  0741/494-361    E-Mail  carola.buttke@rottweil.de    Homepage  www.rottweil.de
Stadtverwaltung  Schwäbisch  Hall;Hausanschrift  Fachbereich  Bürgerdienste  und  Ordnung  -  Gewerbe  /  Polizei  /  Bußgeld  /  Verkehr  Gymnasiumstraße  2  74523  Schwäbisch  Hall    Postanschrift  Postfach  100180  74501  Schwäbisch  Hall    Ansprechpartner  Hermann  Hoben  (Abteilungsleiter);Telefon  0791/751-241    Fax  0791/751-420    E-Mail  gewerbeamt@schwaebischhall.de      Homepage  www.schwaebischhall.de
Landratsamt  Schwarzwald-Baar-Kreis;Hausanschrift  Bußgeldbehörde  Am  Hoptbühl  2  78048  Villingen-Schwenningen      Postanschrift  Landratsamt  Schwarzwald-Baar-Kreis    78045  Villingen-Schwenningen    Ansprechpartnerin  Heidi  Kaltenbach  ;Telefon  07721/913-7341    Fax  07721/913-8900    E-Mail  h.kaltenbach@lrasbk.de	    Homepage  www.lrasbk.de
Stadtverwaltung  Villingen-Schwenningen;Hausanschrift  Bürgeramt  -  Allgemeines  Ordnungswesen  Josefsgasse  7  78050  Villingen-Schwenningen    Postanschrift  Postfach  1260  78002  Villingen-Schwenningen    Ansprechpartnerin  Karen  Weber  (Abteilungsleitung);Telefon  07721/82-1402    Fax  07721/82-1427    E-Mail  buergeramt@villingen-schwenningen.de    Homepage  www.villingen-schwenningen.de
Stadtverwaltung  Sigmaringen;Amt  für  öffentliche  Ordnung  Fürst-Wilhelm-Straße  15  72488  Sigmaringen    Ansprechpartner  Norbert  Stärk  (Amtsleiter);Telefon  07571/106-221    E-Mail  staerk@sigmaringen.de    Homepage  www.sigmaringen.de
Stadtverwaltung  Tübingen;Hausanschrift  Fachabteilung  Verkehrsrecht  und  Ordnungswidrigkeiten  Schmiedtorstraße  4  72070  Tübingen    Postfach  Postfach  2540  72015  Tübingen    Ansprechpartner  Andreas  Kerth  (Leitung);Telefon  07071/204-2332    Fax  07071/204-2495    E-Mail  verkehrsabteilung@tuebingen.de    Homepage  www.tuebingen.de
Stadtverwaltung  Tuttlingen;Hausanschrift  Bußgeldbehörde  Rathausstraße  1  78532  Tuttlingen    Ansprechpartnerin  Melanie  Bath  ;Telefon  07461/99-268    Fax  07461/99-448    E-Mail  melanie.bath@tuttlingen.de    Homepage  www.tuttlingen.de
Stadtverwaltung  Balingen;Hausanschrift  Amt  für  öffentliche  Ordnung  Friedrichstr.  67  72336  Balingen    Ansprechpartnerin  Brigitte  Witzemann  (Amtsleiterin);Telefon  07433/170-361    Fax  07433/91864    E-Mail  brigitte.witzemann@balingen.de    Homepage  www.balingen.de
Stadtverwaltung  Waldshut-Tiengen;Ordnungsamt  Wallstraße  26  79761  Waldshut-Tiengen    Ansprechpartnerin  Melanie  Ebner  ;Telefon  07751/833-165    Fax  07751/833-127    E-Mail  mebner@waldshut-tiengen.de    Homepage  www.waldshut-tiengen.de
Landratsamt  Zollernalbkreis;Hausanschrift  Ordnungsamt  Hirschbergstraße  29  72336  Balingen    Postanschrift  Postfach        72334  Balingen    Ansprechpartnerin  Frau  Beck  (Sachgebietsleitung);Telefon  07433/92-1372    Fax  07433/92-1666    E-Mail  ordnungswidrigkeiten@zollernalbkreis.de    Homepage  www.zollernalbkreis.de
Stadtverwaltung  Baden-Baden;Bußgeldstelle  Briegelackerstraße  21  76532  Baden-Baden    ;Telefon  07221/93-1838    Fax  07221/93-1858    E-Mail  bussgeldbehoerde@baden-baden.de    Homepage  www.baden-baden.de
Stadtverwaltung  Mannheim;Hausanschrift  Zentrale  Bußgeldstelle  Hafenstraße  15  -  19  68159  Mannheim    Postanschrift  Postfach  103051    68030  Mannheim  ;Telefon  0621/293-9094    Fax  0621/293-9001    E-Mail  31.bussgelder@mannheim.de    Homepage  www.mannheim.de
Stadtverwaltung  Pforzheim;Hausanschrift  Zentrale  Bußgeldstelle  Altes  Rathaus  Östliche  Karl-Friedrich-Str.  2-4  75175  Pforzheim      Postanschrift  75158  Pforzheim      ;Telefon  07231/39-2543  oder  -3153      Fax  07231/39-3369      E-Mail  afo@stadt-pforzheim.de    Homepage  www.pforzheim.de
Stadtverwaltung  Stuttgart;Hausanschrift  Zentrale  Bußgeldstelle  Eberhardstraße  35  70173  Stuttgart    Postanschrift  Landeshauptstadt  Stuttgart  Amt  für  öffentliche  Ordnung,  Zentrale  Bußgeldstelle  70161  Stuttgart  ;Telefon  0711/216-98486    Fax  0711/216-98698    E-Mail  bussgeldstelle@stuttgart.de    Homepage  www.stuttgart.de
Landratsamt  Main-Tauber-Kreis;Rechts-  und  Ordnungsamt  Gartenstraße  1  97941  Tauberbischofsheim  ;Telefon  09341/82-5890    Fax  09341/82-5690    E-Mail  rechtsamt@main-tauber-kreis.de    Homepage  www.main-tauber-kreis.de
Landratsamt  Ortenaukreis;Ordnungsamt  Kronenstraße  29  77652  Offenburg    Ansprechpartnerin  Heide  Bost  (Amtsleiterin);Telefon  0781/805-9096      Fax  0781/805-9097      E-Mail  ordnungsamt@ortenaukreis.de    Homepage  www.ortenaukreis.de
Stadtverwaltung  Offenburg;Ordnungsamt  Wilhelmstraße  12  77654  Offenburg    Ansprechpartner  Klaus  Feist;Telefon  0781/82-2204    Fax  0781/82-7289      E-Mail  klaus.feisst@offenburg.de    Homepage  www.offenburg.de
Stadtverwaltung  Aalen;Bußgeldstelle  Marktplatz  30  73430  Aalen    Ansprechpartnerin  Frau  Vilter  (Sachgebietsleiterin);Telefon  07361/52-1137    Fax  07361/52-1934    E-Mail  bussgeldstelle@aalen.de    Homepage  www.aalen.de
Landratsamt  Ostalbkreis;Zentrale  Bußgeldstelle  Bahnhofstraße  50    73430  Aalen    Ansprechpartnerin  Doris  Forstenhäusler  (Geschäftsbereichsleiterin);Telefon  07361/503-1530    Fax  07361/503-581530    E-Mail  info@ostalbkreis.de    Homepage  www.ostalbkreis.de
Stadt  München;Bußgeldstelle    Pilgersheimer  Straße  20  81543  München  Deutschland    Postanschrift:  Landeshauptstadt  München  Kreisverwaltungsreferat  (KVR)  Hauptabteilung  III  Straßenverkehr  Verkehrsüberwachung  Innendienst,  Verwarnungsverfahren  Ruppertstr.  19  80466  München;Telefon  089  233-86555  (Verwarnverfahren)  /  089  233-86610  (Bußgeldstelle)    Fax  089  233-86556    E-Mail  bussgeldstelle.kvr@muenchen.de    Homepage  https://www.muenchen.de/rathaus/
Polizeipräsident  in  Berlin  –  Zentrale  Serviceeinheit  Bußgeldstelle;Hausanschrift  12660  Berlin    Akten-  und  Fotoeinsicht  Magazinstraße  5  10179  Berlin;Telefon  030/4664-796796    Fax  030/4664-796197    E-Mail  bussgeldstelle@bowi.berlin.de    Homepage  www.berlin.de
Stadt  Nürnberg;Hauptmarkt  16  1.  OG,  Zimmer  106  90403  Nürnberg;Telefon  0911  /  231  -  31  14,  231  -  21  43    Telefax  0911  /  231  -  53  07    Homepage  www.nuernberg.de
Zentrale  Bußgeldstelle  im  Bayrischen  Polizeiverwaltungsamt;  Adresse  Mönchshofstraße  43  94234  Viechtach;Telefon  09942/952-580    Fax  09942/952-241    Homepage  www.polizei.bayern.de
Straubing;Bußgeldstelle  Straubing    Bayerisches  Polizeiverwaltungsamt  Zentrale  Verkehrsordnungswidrigkeiten    Postfach  2  02  94302  Straubing    Hirschberger  Ring  38  94315  Straubing    ;Telefonnummer:    09421/549-350    Faxnummer:    09421/549-399,  -499,  -599  
Zentrale  Bußgeldstelle  des  Landes  Brandenburg;Oranienburger  Str.  31a  16775  Gransee;Telefon  03306/750-500    Fax  03306/750-329    E-Mail  zentrale.bussgeldstelle@polizei.brandenburg.de    Homepage  www.internetwache.brandenburg.de
Stadtamt  –  Bußgeldstelle/  Verkehrsordnungswidrigkeiten;Stresemannstraße  48  28207  Bremen;Telefon  0421/361-88624    Fax  0421/496-59301    E-Mail  bussgeldstelle@stadtamt.bremen.de    Homepage  www.stadtamt.bremen.de
Behörde  für  Inneres  und  Sport/  Einwohner-Zentralamt  Hamburg    Bußgeldstelle;Amsinckstraße  34  20097  Hamburg;Telefon  040/42839-3124    Fax  040/427939-660    E-Mail  Bussgeldstelle@eza.hamburg.de    Homepage  www.hamburg.de
Regierungspräsidium  Kassel  –  Zentrale  Bußgeldstelle  Hessen;Hausanschrift  Oberen  Königsstraße  3  34117  Kassel    Postanschrift  34110  Kassel;Telefon  0561/106-4444    Fax  0661/32764-1999    E-Mail  post@zbs.hessen.de    Homepage  www.rp-kassel.hessen.de
Ordnungsamt  Frankfurt;Kleyerstraße  86    60326  Frankfurt  am  Main;Telefon    +49  231  5026073    Fax    0231  50-24919    E-Mail  zentrale-dienste.322.amt32@stadt-frankfurt.de    Homepage  https://www.frankfurt.de/sixcms
Landkreis  Vorpommern-Rügen;Bußgeldstelle  Carl-Heydemann-Ring  67  18437  Stralsund  ;Telefon  03831/357-1000    Fax  03831/357-1000    E-Mail  service@lk-vr.de      Homepage  www.lk-vr.de
Landratsamt  Ludwigslust-Parchim;Verkehrsüberwachung  Putlitzer  Straße  25  19370  Parchim    Ansprechpartner  Manfred  Sprinz  (Leiter  Stabsstelle);Telefon  03871/722-3700    Fax  03871/72277-3700    E-Mail  manfred.sprinz@kreis-lup.de    Homepage  www.kreis-lup.de
Landratsamt  Mecklenburgische  Seenplatte;Bußgeldstelle  Adolf-Pompe-Straße  12  -  15  17109  Demmin    Ansprechpartner  Bodo  Krumbholz  (Leiter  Bußgeldstelle);Telefon  03998/434-4372      Fax  0395/57087-65953    E-Mail  bodo.krumbholz@lk-seenplatte.de      Homepage  www.lk-mecklenburgische-seenplatte.de
Landkreis  Nordwestmecklenburg;Bußgeldstelle  Börzower  Weg  3  23936  Grevesmühlen    Ansprechpartnerin  Frau  Körner  (Sachgebietsleiterin);Telefon  03841/3040-3250    Fax  03841/3040-83250    E-Mail  b.koerner@nordwestmecklenburg.de    Homepage  www.nordwestmecklenburg.de
Stadtamt  Rostock;Bußgeldstelle  Charles-Darwin-Ring  6  18059  Rostock    Ansprechpartner  Peter  Küppers  (Sachgebietsleiter);Telefon  0381/381-3218    Fax  0381/381-3285    E-Mail  stadtamt-verwaltungsabteilung@rostock.de    Homepage  www.rathaus.rostock.de
Landkreis  Rostock;Bußgeldstelle  August-Bebel-Str.  3  18209  Bad  Doberan    Ansprechpartnerin  Petra  Schildt  (Sachgebietsleiterin);Telefon  03843/755-32100    Fax  03843/755-32800    E-Mail  Petra.Schildt@lkros.de    Homepage  www.landkreis-rostock.de
Stadtverwaltung  Schwerin;Bußgeldstelle  Am  Packhof  2-6  19053  Schwerin    Ansprechpartner  Martin  Möller  (Sachgebietsleiter);Telefon  0385/545-2250    Fax  0385/545-2279    E-Mail  mmoeller@schwerin.de    Homepage  www.schwerin.de
Landkreis  Vorpommern-Greifswald;Bußgeldstelle  Spantekower  Landstraße  35  17389  Anklam    Ansprechpartnerin  Gabriele  Müller;Telefon  03834/8760-3625    Fax  03834/8760-93625    E-Mail  Gabriele.Mueller@kreis-vg.de    Homepage  www.kreis-vg.de
Stadt  Hannover;Team  Verkehrsordnungswidrigkeiten  Hamelner  Straße  3A  30952  Ronnenberg  ;Telefon  05109/5198-0    Fax  05109/5198-200    E-Mail  owi.ronnenberg@region-hannover.de    Homepage  www.hannover.de
Stadt  Braunschweig;Hausanschrift  Bußgeldabteilung  Bohlweg  52  38100  Braunschweig    Postanschrift  Postfach  33  09    38023  Braunschweig    ;Telefon  0531/470-25  88    Fax  -    E-Mail  bussgeldabteilung@braunschweig.de    Homepage  www.braunschweig.de
Stadt  Delmenhorst;Fachdienst  Verkehr  Stadthaus  Am  Stadtwall  27749  Delmenhorst    Ansprechpartner  Herr  Abramowski  (Fachdienstleiter)  ;Telefon  04221/99-1154    Fax  04221/99-1254    E-Mail  verkehr@delmenhorst.de    Homepage  www.delmenhorst.de
Stadt  Emden;Hausanschrift  Fachdienst  Straßenverkehr-Verkehrsüberwachung  Frickensteinplatz  2  26721Emden    Postanschrift  Postfach  22  54  26702  Emden    Ansprechpartnerin  Frau  Bodenstab;Telefon  04921/87-1954    Fax  04921/87-1583    E-Mail  Bodenstab@emden.de    Homepage  www.emden.de
Stadt  Oldenburg;Hausanschrift  Sicherheit  und  Ordnung  Pferdemarkt  14  26121  Oldenburg    Postanschrift  Pferdemarkt  14  26105  Oldenburg    Ansprechpartner  Lars  Gewald;Telefon  0441/235-4444    Fax  0441/235-2055    E-Mail  ordnung@stadt-oldenburg.de    Homepage  www.oldenburg.de
Stadt  Osnabrück;Bußgeldstelle  Natruper-Tor-Wall  2  49076  Osnabrück    Ansprechpartner  Telefon:  0541  323-3084  Fax:  0541  323-153084  ;Telefon  0541/323-3084    Fax  0541/323-153084    Homepage  www.buerger.osnabrueck.de
Stadtverwaltung  Salzgitter;Abteilung  für  Ordnungswidrigkeiten  Joachim-Campe-Str.  6-8  38226  Salzgitter  ;Telefon  05341/839-3576    Fax  05341/839-4937    E-Mail  owi@stadt.salzgitter.de    Homepage  www.salzgitter.de
Stadtverwaltung  Wilhelmshaven;Bußgeldstelle  Rathausplatz  9  26382  Wilhelmshaven;Telefon  04421/16-3291      Fax  04421/16-3290    E-Mail  info@wilhelmshaven.de    Homepage  www.wilhelmshaven.de
Stadt  Wolfsburg;Ordnungsamt  Rathaus  B  Porschestraße  49  38440  Wolfsburg;Telefon  05361/28-1234    Fax  05361/28-2090    E-Mail  servicecenter@stadt.wolfsburg.de    Homepage  www.wolfsburg.de
Landkreis  Ammerland;Straßenverkehrsamt  Ammerlandallee  12  26655  Westerstede    Ansprechpartner  Herr  Lehners;Telefon  04488/56-1080    Fax  04488/56-1069    E-Mail  h.lehners@ammerland.de    Homepage  www.ammerland.de
Landkreis  Aurich;Ordnungsamt  Fischteichweg  7-13  26603  Aurich    Ansprechpartner  B.  Steinert;Telefon  04941/16-3200    Fax  04941/16-3299    E-Mail  bsteinert@landkreis-aurich.de    Homepage  www.landkreis-aurich.de
Landkreis  Celle;Bussgeldstelle  Speicherstraße  2  Gebäude  4,  Eingang  C  29221  Celle    Ansprechpartner  Karin  von  Dewitz;Telefon  05141/916-1516    Fax  05141/916-1599    E-Mail  Karin.vonDewitz@lkcelle.de    Homepage  www.landkreis-celle.de
Landkreis  Cloppenburg;Ordnungsamt  Eschstr.  29  49661  Cloppenburg    Ansprechpartner  Sachar  Nagel;Telefon  04471/15-645    Fax  04471/15388    E-Mail  s.nagel@lkclp.de    Homepage  www.lkclp.de
Landkreis  Cuxhaven;Bußgeldstelle  Vincent-Lübeck-Straße  2  27474  Cuxhaven    Ansprechpartner  Bernd  Beutler  (Fachgebietsleiter);Telefon  04721/66-2386    Fax  04721/66-270182    E-Mail  B.Beutler@landkreis-cuxhaven.de    Homepage  www.landkreis-cuxhaven.de
Landkreis  Diepholz;Verkehrsordnungswidrigkeiten  Niedersachsenstr.  2  49356  Diepholz    Ansprechpartner  Karlheinz  Fiedel  (Teamkoordinator);Telefon  05441/976-4265    Fax  05441/976-4966    E-Mail  karlheinz.fiedel@diepholz.de    Homepage  www.diepholz.de
Landkreis  Emsland;Fachbereich  Straßenverkehr  Ordeniederung  1  49716  Meppen  ;Telefon  05931/44-0    Fax  05931/44-3621    E-Mail  landkreis@emsland.de    Homepage  www.emsland.de
Landkreis  Friesland;Straßenverkehrsamt  Am  Bullhamm  13  26441  Jever    Ansprechpartner  Herr  Hook  (Sachgebietsleiter);Telefon  04461/919-8750    Fax  04461/919-8800    E-Mail  f.hook@friesland.de    Homepage  www.friesland.de
Landkreis  Gifhorn;Fachbereich  Ordnung,  Verkehr  und  Veterinärwesen  Hausanschrift  Kreishaus  I  Schlossplatz  1  38518  Gifhorn    Postanschrift  Postfach  1360  38516  Gifhorn    Ansprechpartnerin  Frau  Rahn  (Abteilungsleitung);Telefon  05371/82303    Fax  05371/82339    E-Mail  sabine.rahn@gifhorn.de    Homepage  www.gifhorn.de
Landkreis  Goslar;Fachbereich  Ordnung,  Verkehr    Rettungswesen  Klubgartenstraße  11    38640  Goslar    Ansprechpartner  Jörg  Teiwes  (Fachdienstleiter  Bußgeldbehörde);Telefon  05321/76-350      Fax  05321/76-99350    E-Mail  nur  per  Onlineformular    Homepage  www.landkreis-goslar.de
Stadt  Göttingen;Fachbereich  32  Ordnung  (Ordnungsamt  Stadt  Göttingen)  Hausanschrift  Neues  Rathaus  Hiroshimaplatz  1-4  37083  Göttingen    Postanschrift  Postfach  3831  37028  Göttingen    Ansprechpartner  Herr  Melzer  (Fachbereichsleitung);Telefon  0551/400-2711    Fax  0551/400-622710    E-Mail  h.melzer@goettingen.de    Homepage  www.goettingen.de
Landkreis  Grafschaft  Bentheim;Fachbereich  Straßenverkehr  van-Delden-Straße  1-7  48529  Nordhorn    Ansprechpartner  Rüdiger  Czauderna  (Leitung);Telefon  05921/961130    Fax  05921/9651130    E-Mail  Ruediger.Czauderna@grafschaft.de    Homepage  www.grafschaft-bentheim.de
Landkreis  Hameln-Pyrmont;Bußgeldstelle  Fluthamelstraße  15  31789  Hameln-Afferde    Ansprechpartnerin  Frau    Lachmann  (Teamleiterin  Bußgeldstelle);Telefon  05151/903-2111    Fax  -    E-Mail  nur  per  Onlineformular    Homepage  www.hameln-pyrmont.de
Landkreis  Harburg;Bußgeldstelle  Schloßplatz  6  21423  Winsen  (Luhe)    Ansprechpartner  Herr  Kalesse;Telefon  04171/693-720    Fax  04171/693-99733    E-Mail  c.kalesse@lkharburg.de    Homepage  www.landkreis-harburg.de
Landkreis  Heidekreis;Fachbereich  Verkehrsüberwachung  Vogteistraße  19  29683  Bad  Fallingbostel    Ansprechpartner  Herr  Deurloo;Telefon  05162/970-355    Fax  05162/970-900355    E-Mail  nur  per  Onlineformular    Homepage  www.heidekreis.de
Landkreis  Helmstedt;Hausanschrift  Bußgeldabteilung  Parkstraße  1  38350  Helmstedt    Postanschrift  Südertor  6  38350  Helmstedt;Telefon  05351/121-1129    Fax  05351/121-1609    E-Mail  ordnungswidrigkeiten@landkreis-helmstedt.de    Homepage  www.helmstedt.de
Landkreis  Hildesheim;Fachdienst  204  -  Ordnungsangelegenheiten/  Ordnungswidrigkeiten    Bischof-Janssen-Str.  31  31134  Hildesheim    Ansprechpartner  Herr  Geweke  (Fachdienstleiter);Telefon  05121/309-3831      Fax  05121/309-953831      E-Mail  Rainer.Geweke@landkreishildesheim.de    Homepage  www.landkreishildesheim.de
Landkreis  Holzminden;Bußgeldstelle  Bürgermeister-Schrader-Str.  24  37603  Holzminden    Ansprechpartner  Herr  Hundertmark;Telefon  05531/707-285      Fax  05531/7076-285      E-Mail  nur  per  Onlineformular    Homepage  www.landkreis-holzminden.de
Landkreis  Leer;Straßenverkehrsamt  -  Bußgeldstelle  Ringstraße  26  26789  Leer;Telefon  0491/926-0    Fax  0491/926-91820      E-Mail  nur  per  Onlineformular    Homepage  www.landkreis-leer.de
Landkreis  Lüchow-Dannenberg;Fachdienst  Straßenverkehr  -  Bußgeldstelle  Tannenberger  Str.  2    29439  Lüchow  (Wendland)    Ansprechpartner  Marcus  Henze;Telefon  05841/120-703    Fax  -    E-Mail  bussgeldstelle@luechow-dannenberg.de    Homepage  www.luechow-dannenberg.de
Landkreis  Lüneburg;Fachdienst  42  Straßenverkehr  und  Führerscheine  Hausanschrift  Auf  dem  Michaeliskloster  4  21335  Lüneburg    Postanschrift  Am  Springintgut  3    21335  Lüneburg    Ansprechpartner  Frau  Horn;Telefon  04131/26-1394    Fax  04131/26-2672    E-Mail  nur  per  Onlineformular    Homepage  www.landkreis-lueneburg.de
Landkreis  Nienburg/  Weser;Straßenverkehrsamt  Kräher  Weg  60    31582  Nienburg;Telefon  05021/967-700    Fax  05021/967-738    E-Mail  info@kreis-ni.de    Homepage  www.lk-nienburg.de
Landkreis  Northeim;Bußgeldstelle  Hausanschrift  Medenheimer  Str.  6-8  37154  Northeim    Postanschrift  Postfach  1363  37143  Northeim    Ansprechpartner  Herr  Keufner  (Leitung);Telefon  05551/708-651    Fax  -    E-Mail  tkeufner@landkreis-northeim.de    Homepage  www.landkreis-northeim.de
Landkreis  Oldenburg;Straßenverkehrsamt  -  Bußgeldstelle  Delmenhorster  Str.  6  27793  Wildeshausen    Ansprechpartnerin  Frau  Feyertag;Telefon  04431/85-230    Fax  -    E-Mail  bussgeld.01@oldenburg-kreis.de    Homepage  www.landkreis-oldenburg.de
Landkreis  Osnabrück  ;Straßenverkehrsabteilung  -  Fachdienst  Ordnung  Am  Schölerberg  1  49082  Osnabrück;Telefon  0541/501-4109    Fax  0541/501-4402    E-Mail  ordnung@landkreis-osnabrueck.de    Homepage  www.landkreis-osnabrueck.de
Landkreis  Osterholz;Sachgebiet  Bußgeldstelle  Osterholzer  Straße  23  27711  Osterholz-Scharmbeck    Ansprechpartnerin  Frau  Kowald  (Leiterin)    ;Telefon  04791/930-590    Fax  04791/930-11590    E-Mail  bussgeldstelle@landkreis-osterholz.de    Homepage  www.landkreis-osterholz.de
Landkreis  Osterode  am  Harz;Fachbereich  II.3  Straßenverkehr  Bergstraße  10  37520  Osterode  am  Harz    Ansprechpartner  Ralf  Bartels  (Sachbearbeiter)    ;Telefon  05522/960-376    Fax  05522/960-388    E-Mail  ralf.bartels@landkreis-osterode.de    Homepage  www.landkreis-osterode.de
Landkreis  Peine;Fachdienst  Ordnungswesen  Burgstraße  1  31224  Peine    Ansprechpartnerin  Elke  Ribbeck  (Teamleiterin);Telefon  05171/401-5138    Fax  05171/401-7701    E-Mail  e.ribbeck@landkreis-peine.de    Homepage  www.landkreis-peine.de
Landkreis  Rotenburg  (Wümme);Bußgeldstelle  Bremervörde  Amtsallee  7  27432  Bremervörde    Ansprechpartner  Herr  Bösch;Telefon  04761/983-4433    Fax  04761/983-88  4433    E-Mail  bussgeldstelle@lk-row.de    Homepage  www.lk-row.de
Landkreis  Schaumburg;Bußgeldstelle  Am  Krankenhaus  1  31655  Stadthagen    Ansprechpartner  Herr  Nichte  (Leitung);Telefon  05721/701-410    Fax  05721/701-400    E-Mail  bussgeldstelle.37@landkreis-schaumburg.de    Homepage  www.schaumburg.de
Landkreis  Stade;Rechtsamt  -  Bußgeldstelle  Große  Schmiedestraße  1/3  21682  Stade;Telefon    04141/12-251    Fax  -    E-Mail  rechtsamt@landkreis-stade.de    Homepage  www.landkreis-stade.de
Landkreis  Uelzen;Straßenverkehrsamt  -  Bußgeldstelle  Nothmannstraße  34  29525  Uelzen;Telefon    0581/82-0    Fax  0581/82-445    E-Mail  -    Homepage  www.uelzen.de
Landkreis  Vechta;Zentrale  Bußgeldstelle  Ravensberger  Str.  20  49377  Vechta    Ansprechpartner  Herr  Mewes;Telefon  04441/898-1510    Fax  04441/898-1031    E-Mail  1510@landkreis-vechta.de    Homepage  www.landkreis-vechta.de
Landkreis  Verden;Bußgeldstelle  Lindhooper  Straße  67  27283  Verden  (Aller);Telefon  04231/15-0    Fax  04231/15-603    E-Mail  kreishaus@landkreis-verden.de    Homepage  www.landkreis-verden.de
Landkreis  Wesermarsch;Straßenverkehrswesen  Poggenburger  Str.  15  26919  Brake  (Unterweser)    Ansprechpartnerin  Frau  Bolles;Telefon  04401/927-346    Fax  04401/3471    E-Mail  marina.bolles@lkbra.de      Homepage  www.landkreis-wesermarsch.de
Landkreis  Wittmund;Bußgeldstelle  Schloßstraße  11  26409  Wittmund;Telefon  04462/861-144    Fax  04462/861-200    E-Mail  ordnungsamt@lk.wittmund.de      Homepage  www.landkreis-wittmund.de
Landkreis  Wolfenbüttel;Bußgeldstelle  Halchtersche  Str.  26  38304  Wolfenbüttel    Ansprechpartnerin  Frau  Berge;Telefon  05331/84-560    Fax  05331/84-197    E-Mail  i.berge@lk-wf.de    Homepage  www.lk-wolfenbuettel.de
Landkreis  Viersen;Abteilung  Verkehrssicherung  Rathausmarkt  3  41747  Viersen;Telefon  02162/39-0    Fax  02162/39-1364    E-Mail  ordnungsamt@kreis-viersen.de    Homepage  www.kreis-viersen.de
Stadtverwaltung  Mönchengladbach;Verkehrsordnungswidrigkeiten  (Bußgeldstelle)  Rheinstraße  70  41065  Mönchengladbach    Ansprechpartner  Herr  Breimer;Telefon  02161/25-6130    Fax  02161/25-6199    E-Mail  bussgeldstelle@moenchengladbach.de    Homepage  www.moenchengladbach.de
Stadtverwaltung  Krefeld;Bußgeldstelle  Am  Hauptbahnhof  5    47798  Krefeld        Ansprechpartner  Herr  Lieser  (Leitung)  ;Telefon  02151/  86-2201    Fax  02151/86-2325    E-Mail  fb32@krefeld.de    Homepage  www.krefeld.de
Rhein-Kreis  Neuss;Bußgeldbehörde  Auf  der  Schanze  1  41515  Grevenbroich  (Stadtmitte);Telefon  02181/601-3640    Fax  02181/601-3699    E-Mail  bussgeldstelle@rhein-kreis-neuss.de    Homepage  www.rhein-kreis-neuss.de
Stadtverwaltung  Düsseldorf;Bußgeldstelle  Erkrather  Straße  1-3  40200  Düsseldorf;Telefon  0211/89-91    Fax  0211/89-29106    E-Mail  bussgeldstelle@duesseldorf.de    Homepage  www.duesseldorf.de
Stadtverwaltung  Solingen;Bußgeldstelle  Verwaltungsgebäude  Bonner  Straße  100  Eingang  Langhansstraße  6  42697  Solingen  ;Telefon  0212/  290-6408    Fax  0212/  290-6492    E-Mail  bussgeldstelle@solingen.de    Homepage  www.solingen.de
Stadtverwaltung  Wuppertal;Zentrale  Bußgeldstelle  Johannes-Rau-Platz  1  42275  Wuppertal    Ansprechpartner  Herr  Bergenthal;Telefon  0202/563-5743    Fax  0202/563-788421    E-Mail  andreas.bergenthal@stadt.wuppertal.de    Homepage  www.wuppertal.de
Stadtverwaltung  Remscheid;Straßenverkehrsangelegenheiten  Verwaltungsgebäude  Dienstleistungszentrum  Elberfelder  Straße  36  42853  Remscheid  ;Telefon  02191/16-00    Fax  02191/16-3261    E-Mail  Bussgeldstelle@remscheid.de    Homepage  www.remscheid.de
Kreis  Mettmann;Hausanschrift  Bußgeldstelle  Verwaltungsgebäude  1  Düsseldorfer  Straße  26  40822  Mettmann    Postanschrift  Postfach    40806  Mettmann;Telefon  02104/  99-1535  02104/  99-1536  (bei  einem  Einspruch)    Fax  02191/16-3261    E-Mail  bussgeldstelle@kreis-mettmann.de    Homepage  www.kreis-mettmann.de
Stadtverwaltung  Mülheim  an  der  Ruhr;Bußgeld  und  Verkehr  Am  Rathaus  1  45468  Mülheim  an  der  Ruhr;Telefon  0208/455-3272    Fax  0208/455-583272    E-Mail  nur  per  Onlineformular    Homepage  www.muelheim-ruhr.de
Stadt  Oberhausen;Fachbereich  Ordnungswidrigkeiten  Schwartzstraße  72  46045  Oberhausen    Ansprechpartner  Herr  Schäfer  (Fachbereichsleitung);Telefon  0208/825-2742    Fax  0208/825-5302    E-Mail  Ordnungswidrigkeiten@oberhausen.de    Homepage  www.oberhausen.de
Stadt  Essen;Bußgeldstelle  (Verkehrsordnungswidrigkeiten)  Rathaus  Porscheplatz  1  6.  OG  45127  Essen  ;Telefon  0201/88-32332    Fax  0201/88-32399    E-Mail  bussgeldstelle@ordnungsamt.essen.de    Homepage  www.essen.de
Stadt  Duisburg;Bürger-  und  Ordnungsamt  Königstraße  63-65  47051  Duisburg;Telefon  0203/  283-0    Fax  0203/  283-4148    E-Mail  ordnungsamt@stadt-duisburg.de    Homepage  www.duisburg.de
Kreis  Heinsberg;Ordnungsamt  Kreisverwaltung  Valkenburger  Straße  45  52525  Heinsberg;Telefon  02452/13-0    Fax  02452/13-883288    E-Mail  bussgeldstelle@kreis-heinsberg.de    Homepage  www.kreis-heinsberg.de
Städteregion  Aachen;Ordnungsamt  Geschwindigkeitsüberwachung  Zollernstraße  20  52070  Aachen  ;Telefon  0241/51982-266    Fax  0241/51982-675    E-Mail  Verkehrsueberwachung@staedteregion-aachen.de    Homepage  www.staedteregion-aachen.de
Kreis  Düren;Straßenverkehrsamt  Kölner  Landstr.  271  52351  Düren  ;Telefon  02421/22-2901  (oder  -2902)    Fax  02421/938221    E-Mail  amt36@kreis-dueren.de    Homepage  www.kreis-dueren.de
Kreis  Euskirchen;Bußgeldstelle  Jülicher  Ring  32  53879  Euskirchen    Postanschrift  Kreishaus  Euskirchen  53877  Euskirchen;Telefon  02251/15-588    Fax  -    E-Mail  nur  per  Onlineformular    Homepage  www.kreis-euskirchen.de
Rhein-Sieg-Kreis;Bußgeldstelle  Rathausallee  10  53757  Sankt  Augustin    Postfach  15  51    Ansprechpartner  Herr  Mück  (Sachgebietsleiter);Telefon  02241/13-2697      Fax  02241/13-3189    E-Mail  hans-walter.mueck@rhein-sieg-kreis.de    Homepage  bis.rhein-sieg-kreis.de
Stadt  Bonn;Ordnungswidrigkeiten  Berliner  Platz  2  53111  Bonn  ;Telefon  0228/77-6077      Fax  0228/779619800    E-Mail  stvo@bonn.de    Homepage  www.bonn.de
Oberbergischer  Kreis;Zentrale  Bußgeldstelle  Moltkestraße  42    51643  Gummersbach    ;Telefon  02261/88-3009      Fax  02261/88-972-3009      Homepage  bis.obk.de
Rheinisch-Bergischer  Kreis;Bußgeldstelle  Am  Rübezahlwald  7  51469  Bergisch  Gladbach  ;Telefon  02202/13-2100    Fax  02202-13-102596    E-Mail  nur  per  Onlineformular    Homepage  www.rbk-direkt.de
Stadt  Köln;Bußgeldangelegenheiten  Ottmar-Pohl-Platz  1    51103  Köln    Postanschrift  Postfach  10  35  64    50475  Köln;Telefon  0221/221-0    Fax  0221/221-21825    E-Mail  bussgeldstelle@stadt-koeln.de    Homepage  www.stadt-koeln.de
Rhein-Erft  Kreis;Verkehrsordnungswidrigkeiten  Willy-Brandt-Platz  1    50126  Bergheim    Ansprechpartnerin  Frau  Baran  (Teamleitung);Telefon  02271/83-3221    Fax  02271/83-2387    E-Mail  -    Homepage  www.rhein-erft-kreis.de
Stadtverwaltung  Leverkusen;Zentrale  Bußgeldstelle  Miselohestr.  4  51379  Leverkusen    Postanschrift  Stadtverwaltung    Postfach  10  11  40  51311  Leverkusen  ;Telefon  (0214)  406-3001    Fax  (0214)  406-3002    E-Mail  30@stadt.leverkusen.de      Homepage  www.leverkusen.de
Kreis  Warendorf;Straßenverkehrsamt  Waldenburger  Str.  2  48231  Warendorf    Postanschrift  Postfach  11  05  61  48207  Warendorf    Ansprechpartnerin  Frau  Becker;Telefon  02581/53-3620    Fax  02581/53-3698    E-Mail  Barbara.Becker@kreis-warendorf.de    Homepage  www.kreis-warendorf.de
Stadt  Münster;Ordnungsamt  Klemensstraße  10    48143  Münster      Postanschrift  Stadt  Münster    Ordnungsamt  48127  Münster;Telefon  0251/492-1111    Fax  -    E-Mail  ordnungsamt@stadt-muenster.de    Homepage  www.stadt-muenster.de
Kreis  Steinfurt;Straßenverkehrsamt  Tecklenburger  Str  10  48565  Steinfurt;Telefon  02551/69-1305    Fax  02551/69-1301      E-Mail  post@kreis-steinfurt.de    Homepage  www.kreis-steinfurt.de
Kreis  Coesfeld;Straßenverkehr  Kreuzweg  27  48249  Dülmen    Postanschrift  Kreuzweg  27  48249  Dülmen    Ansprechpartnerin  Frau  Espendiller;Telefon  02594/9436-3528    Fax  02594/9436-3599    E-Mail  Ulrike.Espendiller@kreis-coesfeld.de    Homepage  www.kreis-coesfeld.de
Kreis  Borken;Bußgeldstelle  Burloer  Str.  93  46325  Borken    Postanschrift  Kreis  Borken  Fachbereich  Verkehr  46322  Borken    Ansprechpartner  Herr  Artmann  (Abteilungsleitung);Telefon  02861/82-2066    Fax  -    E-Mail  j.artmann@kreis-borken.de    Homepage  www.kreis-borken.de
Kreis  Recklinghausen;Bußgeldstelle  Kurt-Schumacher-Allee  1  45657  Recklinghausen      Postanschrift  Kreis  Borken  Fachbereich  Verkehr  46322  Borken    Ansprechpartnerin  Frau  Selka  (Ressortleiterin);Telefon  02361/53-5036      Fax  02361/53-5239    E-Mail  Ordnungsamt@kreis-re.de    Homepage  www.kreis-re.de
Bußgeldstelle  Bottrop;Verwaltungsgebäude  Am  Eickholtshof  Am  Eickholtshof  24  46236  Bottrop;E-Mail-Adresse:    bussgeldstelle@bottrop.de    Telefon:  02041-704900    Homepage:    www.bottrop.de  
Stadt  Gelsenkirchen;Bussgeldstelle  Bochumer  Straße  12-16  45879  Gelsenkirchen  ;Telefon  0209/169-2557    Fax  0209/169-3531    E-Mail  bussgeldstelle@gelsenkirchen.de    Homepage  www.gelsenkirchen.de
Landkreis  Lippe;Verkehrsüberwachung  Felix-Fechenbach-Str.  5  32756  Detmold  ;Telefon  05231/62-1800    Fax  05231/62111    E-Mail  bussgeldstelle@kreis-lippe.de    Homepage  www.kreis-lippe.de
Stadt  Arnsberg;Bussgeldstelle  Rathausplatz  1  59759  Arnsberg    Ansprechpartner  Herr  Weber;Telefon  02932/201-1809    Fax  02932/201-771809    E-Mail  mathias.weber@arnsberg.de    Homepage  www.arnsberg.de
Stadt  Gütersloh;Anschrift  Kreishaus  Gütersloh  -  Bauteil  7  Herzebrocker  Straße  140  33334  Gütersloh    Postanschrift  Kreis  Gütersloh  33324  Gütersloh    Ansprechpartner  Michael  Haftmann  –  Tel.:  05241  85  1270  Manuela  van  Aart  –  Tel.:  05241  85  1351  Anna  Westernströer  –  Tel.:  05241  85  1357;Telefon  05241/85-1200    Fax  05241/85-31200    E-Mail  abt22@gt-net.de    
Bußgeldstelle  Herne;Stadt  Herne  Fachbereich  Öffentliche  Ordnung  und  Sport  Ordnungsangelegenheiten  Verwaltungsgebäude  Südstraße  8-10  44625  Herne;Telefon:    0  23  23  /  16  -  20  81    Telefax:    0  23  23  /  16  -  29  25    E-Mail:  ordnungsamt@herne.de      Homepage:    www.herne.de
Bußgeldstelle  Hamm;Bußgeldstelle  und  ruhender  Verkehr  Rechtsamt  Caldenhofer  Weg  2  59065  Hamm  ;ÖPNV-Information:  Haltestelle:  Rathaus    Telefon:  02381/  17-7034    Fax:  02381/  17-2907    Homepage:    www.hamm.de
Bußgeldstelle  Paderborn;Ordnungsamt  Aldegreverstr.  10  –  14  33102  Paderborn;Tel.:  05251  308  –  3204  Fax:  05251  308  –  3299    www.kreis-paderborn.de
Zentrale  Bußgeldstelle  Rheinland-Pfalz;Maximilianstraße  6  67346  Speyer;Telefon  06232/137-605    Fax  06232/137-609    E-Mail  pprheinpfalz.zbs.poststelle@polizei.rlp.de    Homepage  www.polizei.rlp.de
Ministerium  für  Inneres  und  Sport  -  Zentrale  Bußgeldbehörde  St.  Ingbert;Am  Markt  7  66386  St.  Ingbert;Telefon  0681/501-00    Fax  0681/501-7052    E-Mail  zbb@lava.saarland.de    Homepage  www.saarland.de
Landkreis  Bautzen;Landratsamt  Bautzen  Macherstraße  55  01917  Kamenz    Ansprechpartner  Herr  Richter  (Sachgebietsleiter)    ;Telefon  03591/5251-32300    Fax  03591/5251-32099    E-Mail  ordnungsamt@lra-bautzen.de    Homepage  www.landkreis-bautzen.de
Stadtverwaltung  Chemnitz;Ordnungsamt  Düsseldorfer  Platz  1  09111  Chemnitz    Ansprechpartner  Herr  Christ  (Amtsleiter)    ;Telefon  0371/488-3201      Fax  0371/488-3299    E-Mail  ordnungsamt@stadt-chemnitz.de    Homepage  www.chemnitz.de
Stadtverwaltung  Leipzig;Ordnungsamt  Prager  Straße  118-136  04317  Leipzig;Telefon  0341/123-8747    Fax  0341/123-8789    E-Mail  ordnungsamt@leipzig.de    Homepage  www.leipzig.de
Stadtverwaltung  Dresden;Bußgeldbehörde  Theaterstraße  11-15  01067  Dresden    Postanschrift  Postfach  12  00  20    01001  Dresden;Telefon  0351/4885901    Fax  0351/4885903    E-Mail  bussgeldstelle@dresden.de    Homepage  www.dresden.de
Landratsamt  Erzgebirgskreis;Zentrale  Bußgeldstelle  Hausanschrift  Paulus-Jenisius-Straße  43  09456  Annaberg-Buchholz      Postanschrift  Paulus-Jenisius-Straße  24  09456  Annaberg-Buchholz    Ansprechpartner  Herr  Ullrich  (Sachgebietsleiter);Telefon  03733/831-5148    Fax  -    E-Mail  bussgeldstelle@kreis-erz.de    Homepage  www.erzgebirgskreis.de
Stadtverwaltung  Görlitz;Bußgeld  Hugo-Keller-Str.  14  02826  Görlitz      Ansprechpartner  Herr  Kloß  (Leiter);Telefon  03581/67-1521    Fax  03581/67-1594    E-Mail  bussgeldstelle@goerlitz.de    Homepage  www.goerlitz.de
Landkreis  Görlitz;Bußgeldstelle  Hausanschrift:  Hochwaldstraße  29  02763  Zittau    Ansprechpartner  Herr  Kaiser  (Sachgebietsleiter);Telefon  03583/72-2584    Fax  -    E-Mail  bussgeldstelle-zi@kreis-gr.de    Homepage  www.kreis-goerlitz.de
Landkreis  Meißen;Ordnungswidrigkeiten  Brauhausstraße  21  01662  Meißen    Ansprechpartner  Herr  Strelec  (Sachgebietsleiter);Telefon  03521/725-1471    Fax  -    E-Mail  ordnungsamt@kreis-meissen.de    Homepage  www.kreis-meissen.org
Stadtverwaltung  Borna;Ordnungswidrigkeiten  An  der  Wyhra  1  04552  Borna    Ansprechpartner  Herr  Blochinger;Telefon  03433/873-212    Fax  03433/873-229    E-Mail  fd23@borna.de    Homepage  www.borna.de
Stadtverwaltung  Freiberg;Verkehrsordnungswidrigkeiten  Heubnerstraße  15  09599  Freiberg    Ansprechpartnerin  Frau  Hertzsch;Telefon  03731/273361    Fax  03731/27373351    E-Mail  Ordnungsamt@Freiberg.de    Homepage  www.freiberg.de
Stadtverwaltung  Torgau;Ordnungsamt  Markt  1  (Eingang  Leipziger  Straße)  04860  Torgau    Ansprechpartnerin  Frau  Eckert  (Abteilungsleiterin);Telefon  03421/748-210    Fax  03421/748-338    E-Mail  a.eckert@torgau.de    Homepage  www.torgau.eu
Stadtverwaltung  Torgau;Bußgeldstelle  Am  Markt  1/2  01796  Pirna    Ansprechpartnerin  Frau  Polzihn  (Fachdienstleiterin);Telefon  03501/556-348    Fax  03501/556-390    E-Mail  nur  über  Onlineformular    Homepage  www.pirna.de
Erzgebirgskreis;Bußgeldstelle  Hausanschrift  Paulus-Jenisius-Straße  43  09456  Annaberg-Buchholz      Postanschrift  Paulus-Jenisius-Straße  24  09456  Annaberg-Buchholz    Ansprechpartner  Herr  Ullrich  (Sachgebietsleiter);Telefon  03733/831-5148    Fax  -    E-Mail    bussgeldstelle@kreis-erz.de    Homepage  www.erzgebirgskreis.de
Landkreis  Mittelsachsen;Bußgeldstelle  Frauensteiner  Straße  43  09599  Freiberg    Ansprechpartner  Herr  Hachenberger  (Referatsleiter);Telefon  03731/799-1301    Fax  03731/799-1348    E-Mail  verkehrsordnungswidrigkeiten@landkreis-mittelsachsen.de    Homepage  www.landkreis-mittelsachsen.de
Landkreis  Nordsachsen;Bußgeldstelle  Richard-Wagner-Straße  7a  04509  Delitzsch    Ansprechpartnerin  Frau  Oppermann  (Sachgebietsleiterin);Telefon  034202/988-5359    Fax  03421/758-855311    E-Mail  nur  per  Onlineformular    Homepage  www.landkreis-nordsachsen.de
Landkreis  Sächsische  Schweiz-Osterzgebirge;Bußgeldstelle  Hausanschrift  Schloßhof  2/4  01796  Pirna    Postanschrift  Postfach  10  02  53/54  01782  Pirna;Telefon  03501/515-4203    Fax  -    E-Mail  -    Homepage  www.landratsamt-pirna.de
Stadtverwaltung  Plauen;Bußgeldstelle  Hausanschrift  Unterer  Graben  1  08523  Plauen    Postanschrift  Postfach  10  02  77  08506  Plauen    Ansprechpartnerin  Frau  Queck;Telefon  03741/291-2786    Fax  03741/291-32786    E-Mail  silvia.queck@plauen.de    Homepage  www.plauen.de
Vogtlandkreis;Bußgeldstelle  Hausanschrift  Postplatz  3  08468  Reichenbach      Postanschrift  Postfach  10  03  08  08507  Plauen    Ansprechpartnerin  Frau  Spranger  (Leiterin  Verkehrsamt);Telefon  03765/532701    Fax  -    E-Mail  spranger.constanze@vogtlandkreis.de      Homepage  www.vogtlandkreis.de
Stadtverwaltung  Zwickau;Bußgeldstelle  Hausanschrift  Werdauer  Straße  62  08056  Zwickau      Postanschrift  PF  20  09  33  08009  Zwickau    Ansprechpartner  Herr  Heym  (Sachgebietsleiter);Telefon  0375/83-3050    Fax  0375/83-3099    E-Mail  rechtsamt@zwickau.de    Homepage  www.zwickau.de
Stadt  Dessau-Roßlau;Amt  für  öffentliche  Sicherheit  und  Ordnung  August-Bebel-Platz  16  06842  Dessau-Roßlau    Postanschrift  Postfach  1425  06813  Dessau-Roßlau    Ansprechpartner  Frau  Lindner;Telefon  0340/204-2036    Fax  0340/204-2936  oder  (-2939)    E-Mail  amtfuerordnungundverkehr@dessau-rosslau.de    Homepage  www.dessau.de
Stadt  Halle;Ordnungswidrigkeiten  An  der  Feuerwache  5  06124  Halle  (Saale)    Ansprechpartnerin  Frau  Schäfer  (Leiterin);Telefon  0345/221-1212    Fax  0345/221-1312    E-Mail  nur  per  Onlineformular    Homepage  www.halle.de
Stadt  Magdeburg;Technisches  Polizeiamt  Zentrale  Bußgeldstelle  Halberstädter  Straße  69  39112  Magdeburg  ;Telefon  0391/50750    Fax  0391/5075405      E-Mail  zbs.tpa@polizei.sachsen-anhalt.de    Homepage  www.polizei.sachsen-anhalt.de
Altmarkkreis  Salzwedel;Ordnungsamt  Karl-Marx-Straße  32  29410  Salzwedel  ;Telefon  0391/5075-400    Fax  03901/25079    E-Mail  nur  per  Onlineformular    Homepage  www.altmarkkreis-salzwedel.de
Landkreis  Anhalt-Bitterfeld;Ordnungsamt  Zeppelinstraße  15  06366  Köthen  (Anhalt);Telefon  0391/5075-400    Fax  03496/60-1098    E-Mail  post@anhalt-bitterfeld.de    Homepage  www.anhalt-bitterfeld.de
Landkreis  Börde;Fachdienst  Ordnung  und  Sicherheit  Farsleber  Straße  19    39326  Wolmirstedt    Ansprechpartnerin  Frau  Raßloff;Telefon  03904/7240-4213    Fax  03904/7240-4291    E-Mail  ordnung-sicherheit@boerdekreis.de    Homepage  www.boerdekreis.de
Burgenlandkreis;Rechts-  und  Ordnungsamt  Schönburger  Str.  41  06618  Naumburg    Postanschrift  Postfach  1151  06601  Naumburg  ;Telefon  03445/73-1721    Fax  -    E-Mail  rechtsamt@blk.de    Homepage  www.burgenlandkreis.de
Landkreis  Osterode  am  Harz;Fachbereich  II.3  Straßenverkehr  Bergstraße  10  37520  Osterode  am  Harz    Ansprechpartner  Ralf  Bartels  (Sachbearbeiter)    ;Telefon  05522/960-376    Fax  05522/960-388    E-Mail  ralf.bartels@landkreis-osterode.de    Homepage  www.landkreis-osterode.de
Landkreis  Jerichower  Land;Ordnungsamt  Am  Markt  10  39291  Möckern  ;Telefon  039245/948-61    Fax  039245/948-39    E-Mail  wilfried.jaecke@stadt-moeckern.de    Homepage  www.lkjl.de
Landkreis  Mansfeld-Südharz;Ordnungsamt  Lutherstr.  9  06343  Mansfeld;Telefon  034782/871-66    Fax  034782/871-22    E-Mail  info@mansfeld.eu    Homepage  www.mansfeldsuedharz.de
Saalekreis;Hausanschrift  Bußgeldstelle  Domplatz  2  06217  Merseburg    Postanschrift  06204  Merseburg  Postfach  1454    Ansprechpartnerin  Frau  Tittel  (Sachgebietsleiterin);Telefon    03461/401230    Fax  03461/401218    E-Mail  elke.tittel@saalekreis.de    Homepage  www.saalekreis.de
Salzlandkreis;Ordnungsangelegenheiten  Karlsplatz  37  06406  Bernburg  (Saale)    Postanschrift  Salzlandkreis  06400  Bernburg  (Saale)  ;Telefon  03471/684-1365    Fax  -    E-Mail  ordnung@kreis-slk.de    Homepage  www.salzlandkreis.de
Landkreis  Stendal;Straßenverkehrsamt  Tauentzienstraße  5  39576  Stendal,  Hansestadt    Postanschrift  Postfach  10  14  55    39554  Stendal,  Hansestadt    ;Telefon  03931/60-7533    Fax  03931/60-7830    E-Mail  strassenverkehrsamt@landkreis-stendal.de    Homepage  www.landkreis-stendal.de
Landkreis  Wittenberg;Zentrale  Bussgeldstelle  Tauentzienstraße  5  39576  Stendal,  Hansestadt    Postanschrift  Postfach  51  06872  Lutherstadt  Wittenberg    ;Telefon  03491/479-573    Fax  03491/479-555    E-Mail  ordnungsamt@landkreis.wittenberg.de    Homepage  www.landkreis-wittenberg.de
Lutherstadt  Wittenberg;Ordnungsamt  Lutherstraße  56  06886  Lutherstadt  Wittenberg;Telefon  03491/421461    Fax  03491/421685    E-Mail  Ordnungswesen@wittenberg.de    Homepage  www.wittenberg.de
Polizeidirektion  Sachsen-Anhalt  Nord;Polizeidirektion  Sachsen-Anhalt  Ost;Polizeidirektion  Sachsen-Anhalt  Süd
Adresse  Sternstraße  12  39104  Magdeburg    Telefon  0391  -  546  0        Fax  0391  -  546  1235    E-Mail  pd-nord(at)polizei.sachsen-anhalt.de;Adresse  Kühnauer  Str.  161  06846  Dessau-Roßlau    Telefon  0340  -  6000  0      Fax  0340  -  6000  210    E-Mail  pd-ost(at)polizei.sachsen-anhalt.de;Adresse  Merseburger  Straße  6  06110  Halle  (Saale)    Telefon  0345  -  224  -  0      Fax  0345  -  224  -  1210    E-Mail  pd-sued(at)polizei.sachsen-anhalt.de
Kreis  Schleswig-Flensburg;Bußgeldstelle  Flensburger  Straße  7    24837  Schleswig    Ansprechpartnerin  Frau  Schattschneider;Telefon  04621/87-522    Fax  04621/87-335    E-Mail  kerstin.schattschneider@schleswig-flensburg.de    Homepage  www.schleswig-flensburg.de
Kreis  Plön;Bußgeldstelle  Hamburger  Straße  17-18    24306  Plön;Telefon  04522/743-452      Fax  -    E-Mail  bussgeldstelle@kreis-ploen.de      Homepage  www.kreis-ploen.de
Kreis  Pinneberg;Ordnungswidrigkeiten  Kurt-Wagener-Str.  11    25337  Elmshorn    Ansprechpartnerin  Frau  Anhalt;Telefon  04101/7095-89    Fax  04101/7095-87    E-Mail  bussgeldstelle@kreis-pinneberg.de    Homepage  www.kreis-pinneberg.de
Stadtverwaltung  Flensburg;Verkehrsüberwachung  Rathausplatz  1  24937  Flensburg;Telefon  0461/85-2685    Fax  0461/85-2494    E-Mail  verkehrsueberwachung@flensburg.de    Homepage  www.flensburg.de
Kreis  Nordfriesland;Bußgeldstelle  Marktstraße  6  25813  Husum;Telefon  04841/67-445      Fax  04841/67-281      E-Mail  bussgeldstelle@nordfriesland.de    Homepage  www.nordfriesland.de
Kreis  Dithmarschen;Bußgeldstelle  Stettiner  Str.  30  25746  Heide    Ansprechpartnerin  Frau  Schumann;Telefon  0481/97-1261    Fax  0481/97-1490    E-Mail  andrea.schumann@dithmarschen.de    Homepage  www.dithmarschen.de
Kreis  Herzogtum  Lauenburg;Bußgeldstelle  Hausanschrift  Kesselflickerstr.  2  21493  Elmenhorst  Ortsteil  Lanken    Postanschrift  Postfach  11  40  23901  Ratzeburg    Ansprechpartnerin  Frau  Engfer;Telefon  04151  8673-30    Fax  04151/8673-73    E-Mail  strassenverkehr@kreis-rz.de    Homepage  www.herzogtum-lauenburg.de
Kreis  Ostholstein;Bußgeldstelle  Bürgermeister-Steenbock-Str.  20  23701  Eutin;Telefon  04521/788-800      Fax  04521/788-96279    E-Mail  bussgeldstelle@kreis-oh.de    Homepage  www.kreis-oh.de
Kreis  Rendsburg-Eckernförde;Stadt  Rendsburg  Der  Bürgermeister  Am  Gymnasium  4  24768  Rendsburg    Postanschrift  Postfach:  107  24757  Rendsburg  ;Telefon  04331/206-0    Fax  04331/206-270    E-Mail  info@rendsburg.de    Homepage  www.kreis-rendsburg-eckernfoerde.de
Kreis  Segeberg;Verkehrsordnungswidrigkeiten  Waldemar-von-Mohl-Straße  2    23795  Bad  Segeberg    Ansprechpartner  Herr  Krüger;Telefon  04551/951-455    Fax  04551/951-400    E-Mail  nur  per  Onlineformular    Homepage  www.segeberg.de
Kreis  Steinburg;Fachdienst  Ordnung  und  Sicherheit  Stettiner  Straße  30  25746  Heide;Telefon  0481/97-0    Fax  0481/97-1490    E-Mail  fd-ordnung-und-sicherheit@dithmarschen.de    Homepage  www.steinburg.de
Kreis  Stormarn;Bußgeldstelle  Mommsenstraße  13    23843  Bad  Oldesloe    Ansprechpartnerin  Frau  Wolff-Christiansen  (Sachbearbeitung);Telefon  04531/160-1187      Fax  04531/160-771187    E-Mail  b.wolff-christiansen@kreis-stormarn.de    Homepage  www.kreis-stormarn.de
Stadtverwaltung  Kiel;Bußgeldstelle  Fabrikstraße  8-10    24103  Kiel;Telefon  0431/901-2171      Fax  0431/901-62077    E-Mail  AD-Bussgeldstelle@kiel.de    Homepage  www.kiel.de
Stadtverwaltung  Lübeck;Bußgeldstelle  Fackenburger  Allee  29  23539  Lübeck    Ansprechpartner  Herr  Siegrist;Telefon  0451/122-3200    Fax  0451/122-3385    E-Mail  bussgeldstelle@luebeck.de    Homepage  www.luebeck.de
Stadtverwaltung  Neumünster;Bußgeldstelle  für  Verkehrsordnungswidrigkeiten  Plöner  Straße  25  -  29  (Foto)  24534  Neumünster    Ansprechpartner  Herr  Janßen  (Leiter  der  Arbeitsgruppe);Telefon  04321/942-2210    Fax  04321/942-2513    E-Mail  max.janssen@neumuenster.de    Homepage  www.neumuenster.de
Thüringer  Polizei  –  Zentrale  Bußgeldstelle;Bergstraße  4  06556  Artern;Telefon  03466/742-222    Fax  03466/742-309    E-Mail  bussgeldabteilung.pdndh@polizei.thueringen.de    Homepage  www.thueringen.de
Landkreis  Altenburger  Land;Fachdienst  Recht  -  Bußgeldstelle  Lindenaustraße  9  04600  Altenburg    Ansprechpartner  Herr  Boße  (Leiter);Telefon  03447/586-394    Fax  03447/586-100    E-Mail  recht@altenburgerland.de    Homepage  www.altenburgerland.de
Landkreis  Eichsfeld;Rechts-  und  Ordnungsamt  Friedensplatz  8  37308  Heilbad  Heiligenstadt;Telefon  03606/650-3220    Fax  03606/650-9000    E-Mail  rechtsamt@kreis-eic.de    Homepage  www.kreis-eic.de
Landkreis  Gotha;Straßenverkehrsbehörde  18.-März-Straße  50  99867  Gotha;Telefon    03621/214-593    Fax  03621/214-520    E-Mail  STVA@kreis-gth.de    Homepage  www.landkreis-gotha.de
Landkreis  Greiz;Ordnungsamt  Dr.-Rathenau-Platz  11  07973  Greiz    Ansprechpartner  Herr  Eglinski  (Sachgebietsleiter);Telefon  03661/876-620    Fax  03661/876-222    E-Mail  ordnungsamt@landkreis-greiz.de    Homepage  www.landkreis-greiz.de
Landkreis  Hildburghausen;Ordnungsamt  Wiesenstr.  18  98646  Hildburghausen;Telefon  03685/445-242    Fax  03685/445-501    E-Mail  golds@lrahbn.thueringen.de    Homepage  www.landkreis-hildburghausen.de
Ilm-Kreis;Verkehrsamt  Ritterstraße  14  99310  Arnstadt;Telefon  03628/738-551    Fax  03628/738-579    E-Mail  vgo@ilm-kreis.de    Homepage  www.ilm-kreis.de
Kyffhäuserkreis;Straßenverkehrsbehörde  Markt  8  99706  Sondershausen;Telefon  03632/741-161    Fax  03632/741-88161    E-Mail  sva@kyffhaeuser.de    Homepage  www.kyffhaeuser.de
Stadtverwaltung  Nordhausen;Bußgeldstelle  Markt  15  99734  Nordhausen;Telefon  03631/69-  535    Fax  03631/696-537    E-Mail  bussgeldstelle@nordhausen.de    Homepage  www.nordhausen.de
Saale-Holzland-Kreis;Ordnugsamt  Claußstraße  3  07607  Eisenberg;Telefon  036691/70-517(-518)    Fax  036691/70-713    E-Mail  ordnung@lrashk.thueringen.de    Homepage  www.saaleholzlandkreis.de
Landratsamt  Saale-Orla-Kreis;Bußgeldstelle  Oschitzer  Straße  4    07907  Schleiz      Postanschrift  Postfach  13  55    07903  Schleiz  ;Telefon  03663  488-526  03663  488-527    Fax  03663  488-482    E-Mail  webmaster@lrasok.thueringen.de    Homepage  www.saale-orla-kreis.de
Landkreis  Saalfeld-Rudolstadt;Straßenverkehrsamt  Beulwitzer  Str.  12  07318  Saalfeld;Telefon  03671  823-250    Fax  03671  823-376    E-Mail  strassenverkehr@kreis-slf.de    Homepage  www.sa-ru.de
Landkreis  Schmalkalden-Meiningen;Landratsamt  Schmalkalden-Meiningen  Berkeser  Straße  9  98617  Meiningen/  Dreißigacker    Ansprechpartnerin  Frau  Steingräber  ;Telefon  03693/  8151-12    Fax  03693/8151-10    E-Mail  fahrerlaubnis@lra-sm.thueringen.de    Homepage  www.lra-sm.de
Landkreis  Sömmerda;Landratsamt  Sömmerda  Bahnhofstraße  9    99610  Sömmerda      Postanschrift  Postfach  1215    99601  Sömmerda  ;Telefon  03634  354-350    Fax  03634  354-340    E-Mail  poststelle@lra-soemmerda.de    Homepage  www.landkreis-soemmerda.de
Landkreis  Sonneberg;Stadtverwaltung  Sonneberg  Bahnhofsplatz  1  96515  Sonneberg    Ansprechpartnerin  Frau  Wiegand;Telefon  03675  880232    Fax  03675  880237    E-Mail  ordnungsamt@stadt-son.de    Homepage  www.sonneberg.de  
Unstrut-Hainich-Kreis;Landratsamt  Unstrut-Hainich-Kreis  Lindenbühl  28/29  99974  Mühlhausen  ;Telefon  03601/800    Fax  03601/801081    E-Mail  poststelle@lrauh.thueringen.de    Homepage  www.unstrut-hainich-kreis.de  
Landratsamt  Wartburgkreis;Amt  für  Sicherheit,  Ordnung  und  Verkehr  Erzberger  Allee  14  36433  Bad  Salzungen    Ansprechpartnerin  Frau  Golla;Telefon  03695  615901    Fax  03695  615999    E-Mail  info@wartburgkreis.de    Homepage  www.wartburgkreis.de  
Landratsamt  Weimarer  Land;Zentrale  Bußgeldstelle  Bahnhofstraße  28    99510  Apolda      Ansprechpartner  Herr  Franke;Telefon  03644/540  764    Fax  03644/540  789    E-Mail  post.ordnungsamt@wl.thueringen.de    Homepage  www.weimarer-land.de
Kreis  Herford  -  Verkehrsordnungswidrigkeiten;Kreis  Herford  -  Verkehrsordnungswidrigkeiten  Elsestraße  225  32278  Kirchlengern;Telefon  05223  988-3    Fax  05221  13173599    E-Mail    bussgeldstelle@kreis-herford.de    Homepage    www.kreis-herford.de  
Hansestadt  Herford;Hansestadt  Herford  Rathausplatz  1  32046  Herford      Postanschrift    Postfach  2843    Rathausplatz  1  32046  Herford;Telefon  05221  189-0    Fax    05221  189-800    E-Mail    info@herford.de    Homepage    www.herford.de  
Stadt  Sankt  Augustin;Bußgeldstelle  Rathausallee  10  53757  Sankt  Augustin  Deutschland    Postfach  15  51;Telefon  02241/13-2697    Fax    02241/13-3189    E-Mail  hans-walter.mueck@rhein-sieg-kreis.de    Homepage  www.rhein-sieg-kreis.de
Ordnungsbehörde  in  Bergisch-Gladbach;Stadthaus  Konrad-Adenauer-Platz  Konrad-Adenauer-Platz  9    ;Telefon  02202/  14  0    Fax  02202/  14  2323    E-Mail  geschaeftsstelle.fb3@stadt-gl.de    Homepage    www.bergischgladbach.de
Landesdirektion  Sachsen;Altchemnitzer  Straße  41  09120  Chemnitz;Telefon  0371/532-0    Fax  0371/532-1929    E-Mail  post@lds.sachsen.de    Homepage  www.lds.sachsen.de
Technisches  Polizeiamt  Sachsen-Anhalt;Technisches  Polizeiamt  August-Bebel-Damm  19  39126  Magdeburg    ZBS  Magdeburg  Halberstädter  Straße  69  39112  Magdeburg;Telefon  0391/5075-0    Fax  0391/5075-210    E-Mail  poststelle.tpa@polizei.sachsen-anhalt.de    Homepage  www.polizei-web.sachsen-anhalt.de
Stadt  Wesel;Rathauserweiterung  Team  71  Ordnungsangelegenheiten  Klever-Tor-Platz  1  46483  Wesel;Telefon  0281203-2288    Fax  02812034-9713    E-Mail  ordnungsangelegenheiten@wesel.de    Homepage  www.wesel.de
Kreis  Wesel;Bußgeldstelle  Reeser  Landstraße  31  46483  Wesel;Telefon  -    Homepage  www.kreis-wesel.de
Bußgeldstelle  Hamm;Bußgeldstelle  und  ruhender  Verkehr  Rechtsamt  Caldenhofer  Weg  2  59065  Hamm  ;ÖPNV-Information:  Haltestelle:  Rathaus    Telefon:  02381/  17-7034    Fax:  02381/  17-2907    Homepage:    www.hamm.de
Stadt  Kleve;Fachbereich  32  -  Öffentliche  Sicherheit  und  Ordnung  Minoritenplatz  1  47533  Kleve;Telefon  0  28  21  /  84  -  307    Homepage  www.kleve.de
Bußgeldstelle  Mönchengladbach;Verwaltungsgebäude  Rheinstraße  70    41065  Mönchengladbach;Telefon:  (02161)  25  -  6124    E-Mail:    bußgeldstelle@moenchengladbach.de    Homepage:    www.moenchengladbach.de
Stadtverwaltung  Mülheim  an  der  Ruhr;Bußgeld  und  Verkehr  Am  Rathaus  1  45468  Mülheim  an  der  Ruhr;Telefon  0208/455-3272    Fax  0208/455-583272    E-Mail  nur  per  Onlineformular    Homepage  www.muelheim-ruhr.de
Landkreis  Unna;Bußgeldstelle  Friedrich-Ebert-Straße  17  59425  Unna    ;Telefon  0  23  03  /  27-0    Fax  -    E-Mail  post@kreis-unna.de    Homepage  www.kreis-unna.de
Gütersloh;Hausanschrift  Kreishaus  Gütersloh  -  Bauteil  7  Herzebrocker  Straße  140  33334  Gütersloh    Postanschrift  Kreis  Gütersloh  33324  Gütersloh    Ansprechpartner  Michael  Haftmann  Niels  Wilk;Telefon  05241  85  1200  Fax  05241  85  31200  E-Mail  abt22@gt-net.de    Website  https://www.kreis-guetersloh.de
  Ordnungsamt  Verkehrsordnungswidrigkeiten  Bielefeld        ;Standorte  Ravensberger  Park  5,  Paulusstr.  3,  Niederwall  23  33607  Bielefeld;Telefon  0521/  51-0      Telefax  0521/  51-3315        E-Mail  ordnungsamt@bielefeld.de    Homepage  www.bielefeld.de
Stadtverwaltung  Hagen;Fachdienst  Verkehrsordnungswidrigkeiten  Böhmerstr.  1  58095  Hagen    ;Telefon  02331/  207-4921    Fax  -    E-Mail  nur  per  Onlineformular    Homepage  www.hagen.de
Bußgeldstelle  Bochum;Willy-Brandt-Platz  2-6  44777  Bochum;Telefax:  0234  /  910-79  64  37  E-Mail:  bussgeldstelle@bochum.de    Homepage:    www.bochum.de
Landkreis  Unna;Bußgeldstelle  Friedrich-Ebert-Straße  17  59425  Unna    ;Telefon  0  23  03  /  27-0    Fax  -    E-Mail  post@kreis-unna.de    Homepage  www.kreis-unna.de
Hauptsitz  Straubing;Hirschberger  Ring  38  94315  Straubing    Postfach  202  94302  Straubing    Telefon:  +49  (0)9421  549-0  E-Mail:  pva.straubing@polizei.bayern.de;Hirschberger  Ring  38  94315  Straubing    Postfach  202  94302  Straubing    Telefon:  +49  (0)9421  549-0  E-Mail:  pva.straubing@polizei.bayern.de
ZBS  Viechtach;Mönchshofstraße  43  94234  Viechtach    Telefon:  +49  (0)9942  952-580;Mönchshofstraße  43  94234  Viechtach    Telefon:  +49  (0)9942  952-580
Polizeiverwaltungsamt  Sachsen    Für  Besucher  Neuländer  Straße  60  01129  Dresden;Telefon  (+49)  0351  8501-0    Fax  +49  351  8501-106    E-Mail  poststelle.pva@polizei.sachsen.de;Telefon  (+49)  0351  8501-0    Fax  +49  351  8501-106    E-Mail  poststelle.pva@polizei.sachsen.de
Stadt  Dortmund    Rechtsamt;Bußgeldstelle  Dortmund    Markt  6-8  44137  Dortmund;Telefon  0231/  50-26073      Fax  0231/50-24919    E-Mail  rechtsamt@dortmund.de    Homepage  www.dortmund.de
